Time,AIR LOOP HVAC 1:DesPer 1:Des Heat Mass Flow [kg/s],AIR LOOP HVAC 1:DesPer 1:Des Heat Cap [W],AIR LOOP HVAC 1:DesPer 1:Des Cool Mass Flow [kg/s],AIR LOOP HVAC 1:DesPer 1:Des Sens Cool Cap [W],AIR LOOP HVAC 1:DesPer 1:Des Tot Cool Cap [W],AIR LOOP HVAC 1:DesPer 2:Des Heat Mass Flow [kg/s],AIR LOOP HVAC 1:DesPer 2:Des Heat Cap [W],AIR LOOP HVAC 1:DesPer 2:Des Cool Mass Flow [kg/s],AIR LOOP HVAC 1:DesPer 2:Des Sens Cool Cap [W],AIR LOOP HVAC 1:DesPer 2:Des Tot Cool Cap [W]
00:05:00,1.272980E+00,4.771285E+04,0.000000E+00,0.000000E+00,0.000000E+00,0.000000E+00,0.000000E+00,1.318381E-02,1.533109E+02,5.240060E+02
00:10:00,1.272961E+00,4.771215E+04,0.000000E+00,0.000000E+00,0.000000E+00,0.000000E+00,0.000000E+00,5.630568E-02,6.517364E+02,2.234783E+03
00:15:00,1.272943E+00,4.771145E+04,0.000000E+00,0.000000E+00,0.000000E+00,0.000000E+00,0.000000E+00,9.721746E-02,1.120062E+03,3.853139E+03
00:20:00,1.272924E+00,4.771075E+04,0.000000E+00,0.000000E+00,0.000000E+00,0.000000E+00,0.000000E+00,1.314729E-01,1.507658E+03,5.203469E+03
00:25:00,1.272906E+00,4.771006E+04,0.000000E+00,0.000000E+00,0.000000E+00,0.000000E+00,0.000000E+00,1.683838E-01,1.921879E+03,6.654912E+03
00:30:00,1.272887E+00,4.770937E+04,0.000000E+00,0.000000E+00,0.000000E+00,0.000000E+00,0.000000E+00,2.050860E-01,2.329762E+03,8.093990E+03
00:35:00,1.272869E+00,4.770868E+04,0.000000E+00,0.000000E+00,0.000000E+00,0.000000E+00,0.000000E+00,2.415764E-01,2.731303E+03,9.520615E+03
00:40:00,1.272850E+00,4.770799E+04,0.000000E+00,0.000000E+00,0.000000E+00,0.000000E+00,0.000000E+00,2.778337E-01,3.126297E+03,1.093397E+04
00:45:00,1.272832E+00,4.770731E+04,0.000000E+00,0.000000E+00,0.000000E+00,0.000000E+00,0.000000E+00,3.138497E-01,3.514691E+03,1.233379E+04
00:50:00,1.272814E+00,4.770663E+04,0.000000E+00,0.000000E+00,0.000000E+00,0.000000E+00,0.000000E+00,3.496165E-01,3.896436E+03,1.371981E+04
00:55:00,1.272796E+00,4.770594E+04,0.000000E+00,0.000000E+00,0.000000E+00,0.000000E+00,0.000000E+00,3.851301E-01,4.271526E+03,1.509189E+04
01:00:00,1.272778E+00,4.770527E+04,0.000000E+00,0.000000E+00,0.000000E+00,0.000000E+00,0.000000E+00,4.203855E-01,4.639949E+03,1.644990E+04
01:05:00,1.272779E+00,4.770531E+04,0.000000E+00,0.000000E+00,0.000000E+00,0.000000E+00,0.000000E+00,4.421985E-01,4.864859E+03,1.728695E+04
01:10:00,1.272780E+00,4.770536E+04,0.000000E+00,0.000000E+00,0.000000E+00,0.000000E+00,0.000000E+00,4.338117E-01,4.757043E+03,1.694290E+04
01:15:00,1.272781E+00,4.770540E+04,0.000000E+00,0.000000E+00,0.000000E+00,0.000000E+00,0.000000E+00,4.273727E-01,4.671119E+03,1.667547E+04
01:20:00,1.272782E+00,4.770544E+04,0.000000E+00,0.000000E+00,0.000000E+00,0.000000E+00,0.000000E+00,4.273263E-01,4.655296E+03,1.665772E+04
01:25:00,1.272784E+00,4.770549E+04,0.000000E+00,0.000000E+00,0.000000E+00,0.000000E+00,0.000000E+00,4.243605E-01,4.607778E+03,1.652627E+04
01:30:00,1.272785E+00,4.770553E+04,0.000000E+00,0.000000E+00,0.000000E+00,0.000000E+00,0.000000E+00,4.213386E-01,4.559865E+03,1.639287E+04
01:35:00,1.272786E+00,4.770558E+04,0.000000E+00,0.000000E+00,0.000000E+00,0.000000E+00,0.000000E+00,4.182645E-01,4.511604E+03,1.625766E+04
01:40:00,1.272787E+00,4.770562E+04,0.000000E+00,0.000000E+00,0.000000E+00,0.000000E+00,0.000000E+00,4.151591E-01,4.463229E+03,1.612147E+04
01:45:00,1.272788E+00,4.770566E+04,0.000000E+00,0.000000E+00,0.000000E+00,0.000000E+00,0.000000E+00,4.120318E-01,4.414841E+03,1.598465E+04
01:50:00,1.272789E+00,4.770571E+04,0.000000E+00,0.000000E+00,0.000000E+00,0.000000E+00,0.000000E+00,4.088908E-01,4.366531E+03,1.584754E+04
01:55:00,1.272791E+00,4.770575E+04,0.000000E+00,0.000000E+00,0.000000E+00,0.000000E+00,0.000000E+00,4.057416E-01,4.318360E+03,1.571035E+04
02:00:00,1.272792E+00,4.770580E+04,0.000000E+00,0.000000E+00,0.000000E+00,0.000000E+00,0.000000E+00,4.025901E-01,4.270389E+03,1.557330E+04
02:05:00,1.272793E+00,4.770584E+04,0.000000E+00,0.000000E+00,0.000000E+00,0.000000E+00,0.000000E+00,3.994393E-01,4.226231E+03,1.544024E+04
02:10:00,1.272794E+00,4.770588E+04,0.000000E+00,0.000000E+00,0.000000E+00,0.000000E+00,0.000000E+00,3.962930E-01,4.182289E+03,1.530753E+04
02:15:00,1.272795E+00,4.770592E+04,0.000000E+00,0.000000E+00,0.000000E+00,0.000000E+00,0.000000E+00,3.931544E-01,4.138598E+03,1.517530E+04
02:20:00,1.272796E+00,4.770597E+04,0.000000E+00,0.000000E+00,0.000000E+00,0.000000E+00,0.000000E+00,3.900262E-01,4.095184E+03,1.504363E+04
02:25:00,1.272797E+00,4.770601E+04,0.000000E+00,0.000000E+00,0.000000E+00,0.000000E+00,0.000000E+00,3.869111E-01,4.052076E+03,1.491266E+04
02:30:00,1.272799E+00,4.770605E+04,0.000000E+00,0.000000E+00,0.000000E+00,0.000000E+00,0.000000E+00,3.838114E-01,4.009296E+03,1.478244E+04
02:35:00,1.272800E+00,4.770609E+04,0.000000E+00,0.000000E+00,0.000000E+00,0.000000E+00,0.000000E+00,3.807292E-01,3.966866E+03,1.465308E+04
02:40:00,1.272801E+00,4.770614E+04,0.000000E+00,0.000000E+00,0.000000E+00,0.000000E+00,0.000000E+00,3.776669E-01,3.924807E+03,1.452465E+04
02:45:00,1.272802E+00,4.770618E+04,0.000000E+00,0.000000E+00,0.000000E+00,0.000000E+00,0.000000E+00,3.746251E-01,3.883127E+03,1.439719E+04
02:50:00,1.272803E+00,4.770622E+04,0.000000E+00,0.000000E+00,0.000000E+00,0.000000E+00,0.000000E+00,3.716068E-01,3.841852E+03,1.427079E+04
02:55:00,1.272804E+00,4.770626E+04,0.000000E+00,0.000000E+00,0.000000E+00,0.000000E+00,0.000000E+00,3.686125E-01,3.800987E+03,1.414548E+04
03:00:00,1.272805E+00,4.770630E+04,0.000000E+00,0.000000E+00,0.000000E+00,0.000000E+00,0.000000E+00,3.656439E-01,3.760548E+03,1.402133E+04
03:05:00,1.272806E+00,4.770635E+04,0.000000E+00,0.000000E+00,0.000000E+00,0.000000E+00,0.000000E+00,3.627060E-01,3.720583E+03,1.389852E+04
03:10:00,1.272808E+00,4.770639E+04,0.000000E+00,0.000000E+00,0.000000E+00,0.000000E+00,0.000000E+00,3.597936E-01,3.681036E+03,1.377685E+04
03:15:00,1.272809E+00,4.770643E+04,0.000000E+00,0.000000E+00,0.000000E+00,0.000000E+00,0.000000E+00,3.569122E-01,3.641963E+03,1.365653E+04
03:20:00,1.272810E+00,4.770647E+04,0.000000E+00,0.000000E+00,0.000000E+00,0.000000E+00,0.000000E+00,3.540626E-01,3.603369E+03,1.353759E+04
03:25:00,1.272811E+00,4.770651E+04,0.000000E+00,0.000000E+00,0.000000E+00,0.000000E+00,0.000000E+00,3.512429E-01,3.565231E+03,1.341995E+04
03:30:00,1.272812E+00,4.770655E+04,0.000000E+00,0.000000E+00,0.000000E+00,0.000000E+00,0.000000E+00,3.484542E-01,3.527558E+03,1.330365E+04
03:35:00,1.272813E+00,4.770659E+04,0.000000E+00,0.000000E+00,0.000000E+00,0.000000E+00,0.000000E+00,3.456959E-01,3.490342E+03,1.318867E+04
03:40:00,1.272814E+00,4.770663E+04,0.000000E+00,0.000000E+00,0.000000E+00,0.000000E+00,0.000000E+00,3.429687E-01,3.453588E+03,1.307503E+04
03:45:00,1.272815E+00,4.770667E+04,0.000000E+00,0.000000E+00,0.000000E+00,0.000000E+00,0.000000E+00,3.402732E-01,3.417299E+03,1.296274E+04
03:50:00,1.272816E+00,4.770671E+04,0.000000E+00,0.000000E+00,0.000000E+00,0.000000E+00,0.000000E+00,3.376088E-01,3.381466E+03,1.285179E+04
03:55:00,1.272817E+00,4.770675E+04,0.000000E+00,0.000000E+00,0.000000E+00,0.000000E+00,0.000000E+00,3.349759E-01,3.346091E+03,1.274219E+04
04:00:00,1.272818E+00,4.770679E+04,0.000000E+00,0.000000E+00,0.000000E+00,0.000000E+00,0.000000E+00,3.323746E-01,3.311172E+03,1.263394E+04
04:05:00,1.272819E+00,4.770683E+04,0.000000E+00,0.000000E+00,0.000000E+00,0.000000E+00,0.000000E+00,3.297999E-01,3.279612E+03,1.252992E+04
04:10:00,1.272821E+00,4.770687E+04,0.000000E+00,0.000000E+00,0.000000E+00,0.000000E+00,0.000000E+00,3.272594E-01,3.248484E+03,1.242730E+04
04:15:00,1.272822E+00,4.770691E+04,0.000000E+00,0.000000E+00,0.000000E+00,0.000000E+00,0.000000E+00,3.247471E-01,3.217727E+03,1.232584E+04
04:20:00,1.272823E+00,4.770695E+04,0.000000E+00,0.000000E+00,0.000000E+00,0.000000E+00,0.000000E+00,3.222637E-01,3.187346E+03,1.222557E+04
04:25:00,1.272824E+00,4.770699E+04,0.000000E+00,0.000000E+00,0.000000E+00,0.000000E+00,0.000000E+00,3.198108E-01,3.157354E+03,1.212655E+04
04:30:00,1.272825E+00,4.770703E+04,0.000000E+00,0.000000E+00,0.000000E+00,0.000000E+00,0.000000E+00,3.173884E-01,3.127751E+03,1.202877E+04
04:35:00,1.272826E+00,4.770707E+04,0.000000E+00,0.000000E+00,0.000000E+00,0.000000E+00,0.000000E+00,3.149964E-01,3.098534E+03,1.193224E+04
04:40:00,1.272827E+00,4.770711E+04,0.000000E+00,0.000000E+00,0.000000E+00,0.000000E+00,0.000000E+00,3.126347E-01,3.069701E+03,1.183695E+04
04:45:00,1.272828E+00,4.770715E+04,0.000000E+00,0.000000E+00,0.000000E+00,0.000000E+00,0.000000E+00,3.103032E-01,3.041247E+03,1.174288E+04
04:50:00,1.272829E+00,4.770719E+04,0.000000E+00,0.000000E+00,0.000000E+00,0.000000E+00,0.000000E+00,3.080016E-01,3.013170E+03,1.165004E+04
04:55:00,1.272830E+00,4.770723E+04,0.000000E+00,0.000000E+00,0.000000E+00,0.000000E+00,0.000000E+00,3.057298E-01,2.985466E+03,1.155840E+04
05:00:00,1.272831E+00,4.770727E+04,0.000000E+00,0.000000E+00,0.000000E+00,0.000000E+00,0.000000E+00,3.034875E-01,2.958131E+03,1.146797E+04
05:05:00,1.272832E+00,4.770730E+04,0.000000E+00,0.000000E+00,0.000000E+00,0.000000E+00,0.000000E+00,3.012635E-01,2.941852E+03,1.138955E+04
05:10:00,1.272833E+00,4.770734E+04,0.000000E+00,0.000000E+00,0.000000E+00,0.000000E+00,0.000000E+00,2.990267E-01,2.925369E+03,1.131056E+04
05:15:00,1.272834E+00,4.770738E+04,0.000000E+00,0.000000E+00,0.000000E+00,0.000000E+00,0.000000E+00,2.967571E-01,2.908483E+03,1.123026E+04
05:20:00,1.272835E+00,4.770742E+04,0.000000E+00,0.000000E+00,0.000000E+00,0.000000E+00,0.000000E+00,2.944777E-01,2.891420E+03,1.114948E+04
05:25:00,1.272836E+00,4.770746E+04,0.000000E+00,0.000000E+00,0.000000E+00,0.000000E+00,0.000000E+00,2.921949E-01,2.874241E+03,1.106851E+04
05:30:00,1.272837E+00,4.770750E+04,0.000000E+00,0.000000E+00,0.000000E+00,0.000000E+00,0.000000E+00,2.898934E-01,2.856797E+03,1.098673E+04
05:35:00,1.272838E+00,4.770753E+04,0.000000E+00,0.000000E+00,0.000000E+00,0.000000E+00,0.000000E+00,2.875837E-01,2.839190E+03,1.090457E+04
05:40:00,1.272839E+00,4.770757E+04,0.000000E+00,0.000000E+00,0.000000E+00,0.000000E+00,0.000000E+00,2.852648E-01,2.821408E+03,1.082196E+04
05:45:00,1.272840E+00,4.770761E+04,0.000000E+00,0.000000E+00,0.000000E+00,0.000000E+00,0.000000E+00,2.829586E-01,2.803669E+03,1.073974E+04
05:50:00,1.272841E+00,4.770765E+04,0.000000E+00,0.000000E+00,0.000000E+00,0.000000E+00,0.000000E+00,2.806497E-01,2.785821E+03,1.065735E+04
05:55:00,1.272842E+00,4.770768E+04,0.000000E+00,0.000000E+00,0.000000E+00,0.000000E+00,0.000000E+00,2.783212E-01,2.767695E+03,1.057411E+04
06:00:00,1.272843E+00,4.770772E+04,0.000000E+00,0.000000E+00,0.000000E+00,0.000000E+00,0.000000E+00,2.759660E-01,2.749220E+03,1.048979E+04
06:05:00,1.272844E+00,4.770776E+04,0.000000E+00,0.000000E+00,0.000000E+00,0.000000E+00,0.000000E+00,3.941375E-01,3.951184E+03,1.500736E+04
06:10:00,1.272845E+00,4.770779E+04,0.000000E+00,0.000000E+00,0.000000E+00,0.000000E+00,0.000000E+00,3.702384E-01,3.734820E+03,1.412154E+04
06:15:00,1.272846E+00,4.770783E+04,0.000000E+00,0.000000E+00,0.000000E+00,0.000000E+00,0.000000E+00,3.739021E-01,3.795229E+03,1.428570E+04
06:20:00,1.272847E+00,4.770787E+04,0.000000E+00,0.000000E+00,0.000000E+00,0.000000E+00,0.000000E+00,3.749993E-01,3.829885E+03,1.435210E+04
06:25:00,1.272848E+00,4.770790E+04,0.000000E+00,0.000000E+00,0.000000E+00,0.000000E+00,0.000000E+00,3.611148E-01,3.710732E+03,1.384429E+04
06:30:00,1.272849E+00,4.770794E+04,0.000000E+00,0.000000E+00,0.000000E+00,0.000000E+00,0.000000E+00,3.512389E-01,3.631279E+03,1.348860E+04
06:35:00,1.272850E+00,4.770798E+04,0.000000E+00,0.000000E+00,0.000000E+00,0.000000E+00,0.000000E+00,3.412587E-01,3.549503E+03,1.312762E+04
06:40:00,1.272851E+00,4.770801E+04,0.000000E+00,0.000000E+00,0.000000E+00,0.000000E+00,0.000000E+00,3.312614E-01,3.466295E+03,1.276467E+04
06:45:00,1.272852E+00,4.770805E+04,0.000000E+00,0.000000E+00,0.000000E+00,0.000000E+00,0.000000E+00,3.212718E-01,3.381915E+03,1.240071E+04
06:50:00,1.272853E+00,4.770809E+04,0.000000E+00,0.000000E+00,0.000000E+00,0.000000E+00,0.000000E+00,3.113536E-01,3.297038E+03,1.203821E+04
06:55:00,1.272854E+00,4.770812E+04,0.000000E+00,0.000000E+00,0.000000E+00,0.000000E+00,0.000000E+00,3.015474E-01,3.212109E+03,1.167875E+04
07:00:00,1.272855E+00,4.770816E+04,0.000000E+00,0.000000E+00,0.000000E+00,0.000000E+00,0.000000E+00,2.918955E-01,3.127604E+03,1.132400E+04
07:05:00,1.272856E+00,4.770819E+04,0.000000E+00,0.000000E+00,0.000000E+00,0.000000E+00,0.000000E+00,1.618793E-01,1.759163E+03,6.305732E+03
07:10:00,1.272857E+00,4.770823E+04,0.000000E+00,0.000000E+00,0.000000E+00,0.000000E+00,0.000000E+00,1.741544E-01,1.919085E+03,6.811503E+03
07:15:00,1.272858E+00,4.770826E+04,0.000000E+00,0.000000E+00,0.000000E+00,0.000000E+00,0.000000E+00,1.591195E-01,1.777646E+03,6.248692E+03
07:20:00,1.272859E+00,4.770830E+04,0.000000E+00,0.000000E+00,0.000000E+00,0.000000E+00,0.000000E+00,1.468951E-01,1.663453E+03,5.791928E+03
07:25:00,1.272860E+00,4.770834E+04,0.000000E+00,0.000000E+00,0.000000E+00,0.000000E+00,0.000000E+00,1.498820E-01,1.720106E+03,5.933465E+03
07:30:00,1.272860E+00,4.770837E+04,0.000000E+00,0.000000E+00,0.000000E+00,0.000000E+00,0.000000E+00,1.490559E-01,1.733330E+03,5.924401E+03
07:35:00,1.272861E+00,4.770841E+04,0.000000E+00,0.000000E+00,0.000000E+00,0.000000E+00,0.000000E+00,1.485778E-01,1.750402E+03,5.928962E+03
07:40:00,1.272862E+00,4.770844E+04,0.000000E+00,0.000000E+00,0.000000E+00,0.000000E+00,0.000000E+00,1.483995E-01,1.770906E+03,5.945379E+03
07:45:00,1.272863E+00,4.770848E+04,0.000000E+00,0.000000E+00,0.000000E+00,0.000000E+00,0.000000E+00,1.484983E-01,1.794704E+03,5.972884E+03
07:50:00,1.272864E+00,4.770851E+04,0.000000E+00,0.000000E+00,0.000000E+00,0.000000E+00,0.000000E+00,1.488462E-01,1.821581E+03,6.010481E+03
07:55:00,1.272865E+00,4.770854E+04,0.000000E+00,0.000000E+00,0.000000E+00,0.000000E+00,0.000000E+00,1.494543E-01,1.851787E+03,6.058735E+03
08:00:00,1.272866E+00,4.770858E+04,0.000000E+00,0.000000E+00,0.000000E+00,0.000000E+00,0.000000E+00,1.503206E-01,1.885418E+03,6.117695E+03
08:05:00,1.272867E+00,4.770861E+04,0.000000E+00,0.000000E+00,0.000000E+00,0.000000E+00,0.000000E+00,1.514482E-01,1.925343E+03,6.190426E+03
08:10:00,1.272868E+00,4.770865E+04,0.000000E+00,0.000000E+00,0.000000E+00,0.000000E+00,0.000000E+00,1.528423E-01,1.969087E+03,6.274500E+03
08:15:00,1.272869E+00,4.770868E+04,0.000000E+00,0.000000E+00,0.000000E+00,0.000000E+00,0.000000E+00,1.545164E-01,2.016958E+03,6.370608E+03
08:20:00,1.272870E+00,4.770872E+04,0.000000E+00,0.000000E+00,0.000000E+00,0.000000E+00,0.000000E+00,1.564912E-01,2.069377E+03,6.479764E+03
08:25:00,1.272871E+00,4.770875E+04,0.000000E+00,0.000000E+00,0.000000E+00,0.000000E+00,0.000000E+00,1.587982E-01,2.126918E+03,6.603435E+03
08:30:00,1.272872E+00,4.770878E+04,0.000000E+00,0.000000E+00,0.000000E+00,0.000000E+00,0.000000E+00,1.615163E-01,2.190820E+03,6.745092E+03
08:35:00,1.272872E+00,4.770882E+04,0.000000E+00,0.000000E+00,0.000000E+00,0.000000E+00,0.000000E+00,1.646104E-01,2.260812E+03,6.903479E+03
08:40:00,1.272873E+00,4.770885E+04,0.000000E+00,0.000000E+00,0.000000E+00,0.000000E+00,0.000000E+00,1.680729E-01,2.336981E+03,7.078482E+03
08:45:00,1.272874E+00,4.770889E+04,0.000000E+00,0.000000E+00,0.000000E+00,0.000000E+00,0.000000E+00,1.719035E-01,2.419508E+03,7.270276E+03
08:50:00,1.272875E+00,4.770892E+04,0.000000E+00,0.000000E+00,0.000000E+00,0.000000E+00,0.000000E+00,1.761096E-01,2.508689E+03,7.479380E+03
08:55:00,1.272876E+00,4.770895E+04,0.000000E+00,0.000000E+00,0.000000E+00,0.000000E+00,0.000000E+00,1.806808E-01,2.604564E+03,7.705537E+03
09:00:00,1.272877E+00,4.770899E+04,0.000000E+00,0.000000E+00,0.000000E+00,0.000000E+00,0.000000E+00,1.856111E-01,2.707235E+03,7.948701E+03
09:05:00,1.272878E+00,4.770902E+04,0.000000E+00,0.000000E+00,0.000000E+00,0.000000E+00,0.000000E+00,1.908946E-01,2.813374E+03,8.205238E+03
09:10:00,1.272879E+00,4.770905E+04,0.000000E+00,0.000000E+00,0.000000E+00,0.000000E+00,0.000000E+00,1.965256E-01,2.926297E+03,8.478441E+03
09:15:00,1.272880E+00,4.770908E+04,0.000000E+00,0.000000E+00,0.000000E+00,0.000000E+00,0.000000E+00,2.024757E-01,3.045738E+03,8.767250E+03
09:20:00,1.272880E+00,4.770912E+04,0.000000E+00,0.000000E+00,0.000000E+00,0.000000E+00,0.000000E+00,2.087543E-01,3.171981E+03,9.072219E+03
09:25:00,1.272881E+00,4.770915E+04,0.000000E+00,0.000000E+00,0.000000E+00,0.000000E+00,0.000000E+00,2.153639E-01,3.305215E+03,9.393614E+03
09:30:00,1.272882E+00,4.770918E+04,0.000000E+00,0.000000E+00,0.000000E+00,0.000000E+00,0.000000E+00,2.223002E-01,3.445528E+03,9.731411E+03
09:35:00,1.272883E+00,4.770921E+04,0.000000E+00,0.000000E+00,0.000000E+00,0.000000E+00,0.000000E+00,2.295592E-01,3.593006E+03,1.008559E+04
09:40:00,1.272884E+00,4.770925E+04,0.000000E+00,0.000000E+00,0.000000E+00,0.000000E+00,0.000000E+00,2.371350E-01,3.747701E+03,1.045603E+04
09:45:00,1.272885E+00,4.770928E+04,0.000000E+00,0.000000E+00,0.000000E+00,0.000000E+00,0.000000E+00,2.450226E-01,3.909678E+03,1.084268E+04
09:50:00,1.272886E+00,4.770931E+04,0.000000E+00,0.000000E+00,0.000000E+00,0.000000E+00,0.000000E+00,2.532151E-01,4.078971E+03,1.124537E+04
09:55:00,1.272886E+00,4.770934E+04,0.000000E+00,0.000000E+00,0.000000E+00,0.000000E+00,0.000000E+00,2.617072E-01,4.255632E+03,1.166401E+04
10:00:00,1.272887E+00,4.770938E+04,0.000000E+00,0.000000E+00,0.000000E+00,0.000000E+00,0.000000E+00,2.704916E-01,4.439676E+03,1.209842E+04
10:05:00,1.272888E+00,4.770941E+04,0.000000E+00,0.000000E+00,0.000000E+00,0.000000E+00,0.000000E+00,2.795625E-01,4.626133E+03,1.254325E+04
10:10:00,1.272889E+00,4.770944E+04,0.000000E+00,0.000000E+00,0.000000E+00,0.000000E+00,0.000000E+00,2.889124E-01,4.819683E+03,1.300319E+04
10:15:00,1.272890E+00,4.770947E+04,0.000000E+00,0.000000E+00,0.000000E+00,0.000000E+00,0.000000E+00,2.985605E-01,5.020760E+03,1.347920E+04
10:20:00,1.272891E+00,4.770950E+04,0.000000E+00,0.000000E+00,0.000000E+00,0.000000E+00,0.000000E+00,3.085395E-01,5.230041E+03,1.397290E+04
10:25:00,1.272892E+00,4.770953E+04,0.000000E+00,0.000000E+00,0.000000E+00,0.000000E+00,0.000000E+00,3.188948E-01,5.448432E+03,1.448649E+04
10:30:00,1.272892E+00,4.770957E+04,0.000000E+00,0.000000E+00,0.000000E+00,0.000000E+00,0.000000E+00,3.296332E-01,5.676205E+03,1.502043E+04
10:35:00,1.272893E+00,4.770960E+04,0.000000E+00,0.000000E+00,0.000000E+00,0.000000E+00,0.000000E+00,3.407522E-01,5.913467E+03,1.557476E+04
10:40:00,1.272894E+00,4.770963E+04,0.000000E+00,0.000000E+00,0.000000E+00,0.000000E+00,0.000000E+00,3.522487E-01,6.160323E+03,1.614953E+04
10:45:00,1.272895E+00,4.770966E+04,0.000000E+00,0.000000E+00,0.000000E+00,0.000000E+00,0.000000E+00,3.641178E-01,6.416832E+03,1.674464E+04
10:50:00,1.272896E+00,4.770969E+04,0.000000E+00,0.000000E+00,0.000000E+00,0.000000E+00,0.000000E+00,3.763522E-01,6.683022E+03,1.735993E+04
10:55:00,1.272897E+00,4.770972E+04,0.000000E+00,0.000000E+00,0.000000E+00,0.000000E+00,0.000000E+00,3.889452E-01,6.958914E+03,1.799523E+04
11:00:00,1.272897E+00,4.770975E+04,0.000000E+00,0.000000E+00,0.000000E+00,0.000000E+00,0.000000E+00,4.018878E-01,7.244494E+03,1.865028E+04
11:05:00,1.272898E+00,4.770978E+04,0.000000E+00,0.000000E+00,0.000000E+00,0.000000E+00,0.000000E+00,4.151685E-01,7.521092E+03,1.930532E+04
11:10:00,1.272899E+00,4.770981E+04,0.000000E+00,0.000000E+00,0.000000E+00,0.000000E+00,0.000000E+00,4.287762E-01,7.806024E+03,1.997808E+04
11:15:00,1.272900E+00,4.770984E+04,0.000000E+00,0.000000E+00,0.000000E+00,0.000000E+00,0.000000E+00,4.426996E-01,8.099171E+03,2.066811E+04
11:20:00,1.272901E+00,4.770987E+04,0.000000E+00,0.000000E+00,0.000000E+00,0.000000E+00,0.000000E+00,4.568662E-01,8.399282E+03,2.137212E+04
11:25:00,1.272901E+00,4.770990E+04,0.000000E+00,0.000000E+00,0.000000E+00,0.000000E+00,0.000000E+00,4.712080E-01,8.705170E+03,2.208699E+04
11:30:00,1.272902E+00,4.770994E+04,0.000000E+00,0.000000E+00,0.000000E+00,0.000000E+00,0.000000E+00,4.856951E-01,9.016327E+03,2.281135E+04
11:35:00,1.272903E+00,4.770997E+04,0.000000E+00,0.000000E+00,0.000000E+00,0.000000E+00,0.000000E+00,5.003107E-01,9.332474E+03,2.354447E+04
11:40:00,1.272904E+00,4.771000E+04,0.000000E+00,0.000000E+00,0.000000E+00,0.000000E+00,0.000000E+00,5.150335E-01,9.653251E+03,2.428537E+04
11:45:00,1.272905E+00,4.771003E+04,0.000000E+00,0.000000E+00,0.000000E+00,0.000000E+00,0.000000E+00,5.298483E-01,9.978399E+03,2.503335E+04
11:50:00,1.272905E+00,4.771006E+04,0.000000E+00,0.000000E+00,0.000000E+00,0.000000E+00,0.000000E+00,5.447370E-01,1.030760E+04,2.578761E+04
11:55:00,1.272906E+00,4.771008E+04,0.000000E+00,0.000000E+00,0.000000E+00,0.000000E+00,0.000000E+00,5.596848E-01,1.064059E+04,2.654744E+04
12:00:00,1.272907E+00,4.771011E+04,0.000000E+00,0.000000E+00,0.000000E+00,0.000000E+00,0.000000E+00,5.746741E-01,1.097705E+04,2.731204E+04
12:05:00,1.272908E+00,4.771014E+04,0.000000E+00,0.000000E+00,0.000000E+00,0.000000E+00,0.000000E+00,5.896935E-01,1.130621E+04,2.806986E+04
12:10:00,1.272909E+00,4.771017E+04,0.000000E+00,0.000000E+00,0.000000E+00,0.000000E+00,0.000000E+00,6.047267E-01,1.163779E+04,2.883059E+04
12:15:00,1.272909E+00,4.771020E+04,0.000000E+00,0.000000E+00,0.000000E+00,0.000000E+00,0.000000E+00,6.197620E-01,1.197157E+04,2.959365E+04
12:20:00,1.272910E+00,4.771023E+04,0.000000E+00,0.000000E+00,0.000000E+00,0.000000E+00,0.000000E+00,6.347852E-01,1.230726E+04,3.035839E+04
12:25:00,1.272911E+00,4.771026E+04,0.000000E+00,0.000000E+00,0.000000E+00,0.000000E+00,0.000000E+00,6.497836E-01,1.264463E+04,3.112416E+04
12:30:00,1.272912E+00,4.771029E+04,0.000000E+00,0.000000E+00,0.000000E+00,0.000000E+00,0.000000E+00,6.647421E-01,1.298337E+04,3.189029E+04
12:35:00,1.272912E+00,4.771032E+04,0.000000E+00,0.000000E+00,0.000000E+00,0.000000E+00,0.000000E+00,6.796485E-01,1.332323E+04,3.265612E+04
12:40:00,1.272913E+00,4.771035E+04,0.000000E+00,0.000000E+00,0.000000E+00,0.000000E+00,0.000000E+00,6.944872E-01,1.366389E+04,3.342092E+04
12:45:00,1.272914E+00,4.771038E+04,0.000000E+00,0.000000E+00,0.000000E+00,0.000000E+00,0.000000E+00,7.092459E-01,1.400511E+04,3.418410E+04
12:50:00,1.272915E+00,4.771041E+04,0.000000E+00,0.000000E+00,0.000000E+00,0.000000E+00,0.000000E+00,7.239104E-01,1.434657E+04,3.494491E+04
12:55:00,1.272916E+00,4.771043E+04,0.000000E+00,0.000000E+00,0.000000E+00,0.000000E+00,0.000000E+00,7.384683E-01,1.468801E+04,3.570279E+04
13:00:00,1.272916E+00,4.771046E+04,0.000000E+00,0.000000E+00,0.000000E+00,0.000000E+00,0.000000E+00,7.529057E-01,1.502914E+04,3.645697E+04
13:05:00,1.272917E+00,4.771049E+04,0.000000E+00,0.000000E+00,0.000000E+00,0.000000E+00,0.000000E+00,7.672106E-01,1.534906E+04,3.718543E+04
13:10:00,1.272918E+00,4.771052E+04,0.000000E+00,0.000000E+00,0.000000E+00,0.000000E+00,0.000000E+00,7.813685E-01,1.566731E+04,3.790808E+04
13:15:00,1.272919E+00,4.771055E+04,0.000000E+00,0.000000E+00,0.000000E+00,0.000000E+00,0.000000E+00,7.953669E-01,1.598363E+04,3.862432E+04
13:20:00,1.272919E+00,4.771058E+04,0.000000E+00,0.000000E+00,0.000000E+00,0.000000E+00,0.000000E+00,8.091918E-01,1.629770E+04,3.933343E+04
13:25:00,1.272920E+00,4.771061E+04,0.000000E+00,0.000000E+00,0.000000E+00,0.000000E+00,0.000000E+00,8.228315E-01,1.660928E+04,4.003481E+04
13:30:00,1.272921E+00,4.771063E+04,0.000000E+00,0.000000E+00,0.000000E+00,0.000000E+00,0.000000E+00,8.362648E-01,1.691790E+04,4.072742E+04
13:35:00,1.272922E+00,4.771066E+04,0.000000E+00,0.000000E+00,0.000000E+00,0.000000E+00,0.000000E+00,8.494870E-01,1.722345E+04,4.141099E+04
13:40:00,1.272922E+00,4.771069E+04,0.000000E+00,0.000000E+00,0.000000E+00,0.000000E+00,0.000000E+00,8.624888E-01,1.752570E+04,4.208500E+04
13:45:00,1.272923E+00,4.771072E+04,0.000000E+00,0.000000E+00,0.000000E+00,0.000000E+00,0.000000E+00,8.752611E-01,1.782444E+04,4.274906E+04
13:50:00,1.272924E+00,4.771074E+04,0.000000E+00,0.000000E+00,0.000000E+00,0.000000E+00,0.000000E+00,8.877940E-01,1.811945E+04,4.340260E+04
13:55:00,1.272925E+00,4.771077E+04,0.000000E+00,0.000000E+00,0.000000E+00,0.000000E+00,0.000000E+00,9.000785E-01,1.841049E+04,4.404515E+04
14:00:00,1.272925E+00,4.771080E+04,0.000000E+00,0.000000E+00,0.000000E+00,0.000000E+00,0.000000E+00,9.121046E-01,1.869734E+04,4.467619E+04
14:05:00,1.272926E+00,4.771083E+04,0.000000E+00,0.000000E+00,0.000000E+00,0.000000E+00,0.000000E+00,9.238626E-01,1.893837E+04,4.525212E+04
14:10:00,1.272927E+00,4.771085E+04,0.000000E+00,0.000000E+00,0.000000E+00,0.000000E+00,0.000000E+00,9.353428E-01,1.917370E+04,4.581444E+04
14:15:00,1.272927E+00,4.771088E+04,0.000000E+00,0.000000E+00,0.000000E+00,0.000000E+00,0.000000E+00,9.465375E-01,1.940318E+04,4.636277E+04
14:20:00,1.272928E+00,4.771091E+04,0.000000E+00,0.000000E+00,0.000000E+00,0.000000E+00,0.000000E+00,9.574382E-01,1.962664E+04,4.689670E+04
14:25:00,1.272929E+00,4.771094E+04,0.000000E+00,0.000000E+00,0.000000E+00,0.000000E+00,0.000000E+00,9.680372E-01,1.984391E+04,4.741585E+04
14:30:00,1.272930E+00,4.771096E+04,0.000000E+00,0.000000E+00,0.000000E+00,0.000000E+00,0.000000E+00,9.783348E-01,2.005500E+04,4.792025E+04
14:35:00,1.272930E+00,4.771099E+04,0.000000E+00,0.000000E+00,0.000000E+00,0.000000E+00,0.000000E+00,9.883196E-01,2.025968E+04,4.840932E+04
14:40:00,1.272931E+00,4.771102E+04,0.000000E+00,0.000000E+00,0.000000E+00,0.000000E+00,0.000000E+00,9.979807E-01,2.045772E+04,4.888253E+04
14:45:00,1.272932E+00,4.771104E+04,0.000000E+00,0.000000E+00,0.000000E+00,0.000000E+00,0.000000E+00,1.007311E+00,2.064899E+04,4.933956E+04
14:50:00,1.272933E+00,4.771107E+04,0.000000E+00,0.000000E+00,0.000000E+00,0.000000E+00,0.000000E+00,1.016304E+00,2.083334E+04,4.978005E+04
14:55:00,1.272933E+00,4.771110E+04,0.000000E+00,0.000000E+00,0.000000E+00,0.000000E+00,0.000000E+00,1.024953E+00,2.101062E+04,5.020365E+04
15:00:00,1.272934E+00,4.771112E+04,0.000000E+00,0.000000E+00,0.000000E+00,0.000000E+00,0.000000E+00,1.033249E+00,2.118069E+04,5.061002E+04
15:05:00,1.272935E+00,4.771115E+04,0.000000E+00,0.000000E+00,0.000000E+00,0.000000E+00,0.000000E+00,1.041173E+00,2.128716E+04,5.093989E+04
15:10:00,1.272935E+00,4.771118E+04,0.000000E+00,0.000000E+00,0.000000E+00,0.000000E+00,0.000000E+00,1.048727E+00,2.138522E+04,5.125076E+04
15:15:00,1.272936E+00,4.771120E+04,0.000000E+00,0.000000E+00,0.000000E+00,0.000000E+00,0.000000E+00,1.055898E+00,2.147468E+04,5.154210E+04
15:20:00,1.272937E+00,4.771123E+04,0.000000E+00,0.000000E+00,0.000000E+00,0.000000E+00,0.000000E+00,1.062686E+00,2.155561E+04,5.181398E+04
15:25:00,1.272937E+00,4.771125E+04,0.000000E+00,0.000000E+00,0.000000E+00,0.000000E+00,0.000000E+00,1.069090E+00,2.162802E+04,5.206637E+04
15:30:00,1.272938E+00,4.771128E+04,0.000000E+00,0.000000E+00,0.000000E+00,0.000000E+00,0.000000E+00,1.075104E+00,2.169190E+04,5.229911E+04
15:35:00,1.272939E+00,4.771131E+04,0.000000E+00,0.000000E+00,0.000000E+00,0.000000E+00,0.000000E+00,1.080726E+00,2.174722E+04,5.251204E+04
15:40:00,1.272940E+00,4.771133E+04,0.000000E+00,0.000000E+00,0.000000E+00,0.000000E+00,0.000000E+00,1.085949E+00,2.179395E+04,5.270506E+04
15:45:00,1.272940E+00,4.771136E+04,0.000000E+00,0.000000E+00,0.000000E+00,0.000000E+00,0.000000E+00,1.090770E+00,2.183207E+04,5.287799E+04
15:50:00,1.272941E+00,4.771138E+04,0.000000E+00,0.000000E+00,0.000000E+00,0.000000E+00,0.000000E+00,1.095185E+00,2.186155E+04,5.303071E+04
15:55:00,1.272942E+00,4.771141E+04,0.000000E+00,0.000000E+00,0.000000E+00,0.000000E+00,0.000000E+00,1.099189E+00,2.188239E+04,5.316308E+04
16:00:00,1.272942E+00,4.771144E+04,0.000000E+00,0.000000E+00,0.000000E+00,0.000000E+00,0.000000E+00,1.102779E+00,2.189457E+04,5.327498E+04
16:05:00,1.272943E+00,4.771146E+04,0.000000E+00,0.000000E+00,0.000000E+00,0.000000E+00,0.000000E+00,1.105969E+00,2.187862E+04,5.334656E+04
16:10:00,1.272944E+00,4.771149E+04,0.000000E+00,0.000000E+00,0.000000E+00,0.000000E+00,0.000000E+00,1.108746E+00,2.185409E+04,5.339775E+04
16:15:00,1.272944E+00,4.771151E+04,0.000000E+00,0.000000E+00,0.000000E+00,0.000000E+00,0.000000E+00,1.111115E+00,2.182114E+04,5.342894E+04
16:20:00,1.272945E+00,4.771154E+04,0.000000E+00,0.000000E+00,0.000000E+00,0.000000E+00,0.000000E+00,1.113068E+00,2.177970E+04,5.343973E+04
16:25:00,1.272946E+00,4.771156E+04,0.000000E+00,0.000000E+00,0.000000E+00,0.000000E+00,0.000000E+00,1.114604E+00,2.172987E+04,5.343033E+04
16:30:00,1.272946E+00,4.771159E+04,0.000000E+00,0.000000E+00,0.000000E+00,0.000000E+00,0.000000E+00,1.115693E+00,2.167114E+04,5.339927E+04
16:35:00,1.272947E+00,4.771161E+04,0.000000E+00,0.000000E+00,0.000000E+00,0.000000E+00,0.000000E+00,1.116351E+00,2.160388E+04,5.334742E+04
16:40:00,1.272948E+00,4.771164E+04,0.000000E+00,0.000000E+00,0.000000E+00,0.000000E+00,0.000000E+00,1.116580E+00,2.152829E+04,5.327505E+04
16:45:00,1.272948E+00,4.771166E+04,0.000000E+00,0.000000E+00,0.000000E+00,0.000000E+00,0.000000E+00,1.116383E+00,2.144446E+04,5.318233E+04
16:50:00,1.272949E+00,4.771169E+04,0.000000E+00,0.000000E+00,0.000000E+00,0.000000E+00,0.000000E+00,1.115760E+00,2.135252E+04,5.306940E+04
16:55:00,1.272950E+00,4.771171E+04,0.000000E+00,0.000000E+00,0.000000E+00,0.000000E+00,0.000000E+00,1.114712E+00,2.125255E+04,5.293634E+04
17:00:00,1.272950E+00,4.771174E+04,0.000000E+00,0.000000E+00,0.000000E+00,0.000000E+00,0.000000E+00,1.113238E+00,2.114466E+04,5.278327E+04
17:05:00,1.272951E+00,4.771176E+04,0.000000E+00,0.000000E+00,0.000000E+00,0.000000E+00,0.000000E+00,1.111338E+00,2.100900E+04,5.258951E+04
17:10:00,1.272952E+00,4.771178E+04,0.000000E+00,0.000000E+00,0.000000E+00,0.000000E+00,0.000000E+00,1.108999E+00,2.086542E+04,5.237539E+04
17:15:00,1.272952E+00,4.771181E+04,0.000000E+00,0.000000E+00,0.000000E+00,0.000000E+00,0.000000E+00,1.106221E+00,2.071402E+04,5.214096E+04
17:20:00,1.272953E+00,4.771183E+04,0.000000E+00,0.000000E+00,0.000000E+00,0.000000E+00,0.000000E+00,1.102997E+00,2.055482E+04,5.188610E+04
17:25:00,1.272954E+00,4.771186E+04,0.000000E+00,0.000000E+00,0.000000E+00,0.000000E+00,0.000000E+00,1.099309E+00,2.038760E+04,5.161008E+04
17:30:00,1.272954E+00,4.771188E+04,0.000000E+00,0.000000E+00,0.000000E+00,0.000000E+00,0.000000E+00,1.095172E+00,2.021276E+04,5.131370E+04
17:35:00,1.272955E+00,4.771191E+04,0.000000E+00,0.000000E+00,0.000000E+00,0.000000E+00,0.000000E+00,1.090556E+00,2.002985E+04,5.099568E+04
17:40:00,1.272955E+00,4.771193E+04,0.000000E+00,0.000000E+00,0.000000E+00,0.000000E+00,0.000000E+00,1.085437E+00,1.983857E+04,5.065505E+04
17:45:00,1.272956E+00,4.771195E+04,0.000000E+00,0.000000E+00,0.000000E+00,0.000000E+00,0.000000E+00,1.079798E+00,1.963876E+04,5.029114E+04
17:50:00,1.272957E+00,4.771198E+04,0.000000E+00,0.000000E+00,0.000000E+00,0.000000E+00,0.000000E+00,1.073621E+00,1.943022E+04,4.990333E+04
17:55:00,1.272957E+00,4.771200E+04,0.000000E+00,0.000000E+00,0.000000E+00,0.000000E+00,0.000000E+00,1.066893E+00,1.921286E+04,4.949105E+04
18:00:00,1.272958E+00,4.771202E+04,0.000000E+00,0.000000E+00,0.000000E+00,0.000000E+00,0.000000E+00,1.059601E+00,1.898661E+04,4.905394E+04
18:05:00,1.272959E+00,4.771205E+04,0.000000E+00,0.000000E+00,0.000000E+00,0.000000E+00,0.000000E+00,1.051737E+00,1.870435E+04,4.854273E+04
18:10:00,1.272959E+00,4.771207E+04,0.000000E+00,0.000000E+00,0.000000E+00,0.000000E+00,0.000000E+00,1.043310E+00,1.841425E+04,4.800775E+04
18:15:00,1.272960E+00,4.771210E+04,0.000000E+00,0.000000E+00,0.000000E+00,0.000000E+00,0.000000E+00,1.034312E+00,1.811643E+04,4.744900E+04
18:20:00,1.272960E+00,4.771212E+04,0.000000E+00,0.000000E+00,0.000000E+00,0.000000E+00,0.000000E+00,1.024759E+00,1.781138E+04,4.686737E+04
18:25:00,1.272961E+00,4.771214E+04,0.000000E+00,0.000000E+00,0.000000E+00,0.000000E+00,0.000000E+00,1.014676E+00,1.749976E+04,4.626425E+04
18:30:00,1.272962E+00,4.771216E+04,0.000000E+00,0.000000E+00,0.000000E+00,0.000000E+00,0.000000E+00,1.004091E+00,1.718224E+04,4.564109E+04
18:35:00,1.272962E+00,4.771219E+04,0.000000E+00,0.000000E+00,0.000000E+00,0.000000E+00,0.000000E+00,9.930348E-01,1.685958E+04,4.499958E+04
18:40:00,1.272963E+00,4.771221E+04,0.000000E+00,0.000000E+00,0.000000E+00,0.000000E+00,0.000000E+00,9.815359E-01,1.653244E+04,4.434117E+04
18:45:00,1.272964E+00,4.771223E+04,0.000000E+00,0.000000E+00,0.000000E+00,0.000000E+00,0.000000E+00,9.696409E-01,1.620177E+04,4.366812E+04
18:50:00,1.272964E+00,4.771226E+04,0.000000E+00,0.000000E+00,0.000000E+00,0.000000E+00,0.000000E+00,9.573942E-01,1.586846E+04,4.298262E+04
18:55:00,1.272965E+00,4.771228E+04,0.000000E+00,0.000000E+00,0.000000E+00,0.000000E+00,0.000000E+00,9.448369E-01,1.553335E+04,4.228664E+04
19:00:00,1.272965E+00,4.771230E+04,0.000000E+00,0.000000E+00,0.000000E+00,0.000000E+00,0.000000E+00,9.320129E-01,1.519725E+04,4.158229E+04
19:05:00,1.272966E+00,4.771233E+04,0.000000E+00,0.000000E+00,0.000000E+00,0.000000E+00,0.000000E+00,9.189688E-01,1.489399E+04,4.090602E+04
19:10:00,1.272967E+00,4.771235E+04,0.000000E+00,0.000000E+00,0.000000E+00,0.000000E+00,0.000000E+00,9.057492E-01,1.459046E+04,4.022463E+04
19:15:00,1.272967E+00,4.771237E+04,0.000000E+00,0.000000E+00,0.000000E+00,0.000000E+00,0.000000E+00,8.923961E-01,1.428741E+04,3.954004E+04
19:20:00,1.272968E+00,4.771239E+04,0.000000E+00,0.000000E+00,0.000000E+00,0.000000E+00,0.000000E+00,8.789355E-01,1.398527E+04,3.885344E+04
19:25:00,1.272968E+00,4.771242E+04,0.000000E+00,0.000000E+00,0.000000E+00,0.000000E+00,0.000000E+00,8.653860E-01,1.368438E+04,3.816568E+04
19:30:00,1.272969E+00,4.771244E+04,0.000000E+00,0.000000E+00,0.000000E+00,0.000000E+00,0.000000E+00,8.517689E-01,1.338511E+04,3.747773E+04
19:35:00,1.272970E+00,4.771246E+04,0.000000E+00,0.000000E+00,0.000000E+00,0.000000E+00,0.000000E+00,8.380991E-01,1.308769E+04,3.679026E+04
19:40:00,1.272970E+00,4.771248E+04,0.000000E+00,0.000000E+00,0.000000E+00,0.000000E+00,0.000000E+00,8.244055E-01,1.279260E+04,3.610455E+04
19:45:00,1.272971E+00,4.771250E+04,0.000000E+00,0.000000E+00,0.000000E+00,0.000000E+00,0.000000E+00,8.106934E-01,1.249992E+04,3.542085E+04
19:50:00,1.272971E+00,4.771253E+04,0.000000E+00,0.000000E+00,0.000000E+00,0.000000E+00,0.000000E+00,7.969771E-01,1.220988E+04,3.473977E+04
19:55:00,1.272972E+00,4.771255E+04,0.000000E+00,0.000000E+00,0.000000E+00,0.000000E+00,0.000000E+00,7.832699E-01,1.192268E+04,3.406191E+04
20:00:00,1.272973E+00,4.771257E+04,0.000000E+00,0.000000E+00,0.000000E+00,0.000000E+00,0.000000E+00,7.695868E-01,1.163855E+04,3.338791E+04
20:05:00,1.272973E+00,4.771259E+04,0.000000E+00,0.000000E+00,0.000000E+00,0.000000E+00,0.000000E+00,7.559363E-01,1.137116E+04,3.273223E+04
20:10:00,1.272974E+00,4.771261E+04,0.000000E+00,0.000000E+00,0.000000E+00,0.000000E+00,0.000000E+00,7.423304E-01,1.110663E+04,3.208077E+04
20:15:00,1.272974E+00,4.771264E+04,0.000000E+00,0.000000E+00,0.000000E+00,0.000000E+00,0.000000E+00,7.287800E-01,1.084512E+04,3.143398E+04
20:20:00,1.272975E+00,4.771266E+04,0.000000E+00,0.000000E+00,0.000000E+00,0.000000E+00,0.000000E+00,7.153025E-01,1.058688E+04,3.079261E+04
20:25:00,1.272975E+00,4.771268E+04,0.000000E+00,0.000000E+00,0.000000E+00,0.000000E+00,0.000000E+00,7.019146E-01,1.033213E+04,3.015735E+04
20:30:00,1.272976E+00,4.771270E+04,0.000000E+00,0.000000E+00,0.000000E+00,0.000000E+00,0.000000E+00,6.886348E-01,1.008112E+04,2.952899E+04
20:35:00,1.272977E+00,4.771272E+04,0.000000E+00,0.000000E+00,0.000000E+00,0.000000E+00,0.000000E+00,6.754782E-01,9.834046E+03,2.890811E+04
20:40:00,1.272977E+00,4.771274E+04,0.000000E+00,0.000000E+00,0.000000E+00,0.000000E+00,0.000000E+00,6.624618E-01,9.591124E+03,2.829544E+04
20:45:00,1.272978E+00,4.771277E+04,0.000000E+00,0.000000E+00,0.000000E+00,0.000000E+00,0.000000E+00,6.495975E-01,9.352491E+03,2.769144E+04
20:50:00,1.272978E+00,4.771279E+04,0.000000E+00,0.000000E+00,0.000000E+00,0.000000E+00,0.000000E+00,6.368980E-01,9.118293E+03,2.709660E+04
20:55:00,1.272979E+00,4.771281E+04,0.000000E+00,0.000000E+00,0.000000E+00,0.000000E+00,0.000000E+00,6.243723E-01,8.888616E+03,2.651128E+04
21:00:00,1.272979E+00,4.771283E+04,0.000000E+00,0.000000E+00,0.000000E+00,0.000000E+00,0.000000E+00,6.120295E-01,8.663549E+03,2.593581E+04
21:05:00,1.272980E+00,4.771285E+04,0.000000E+00,0.000000E+00,0.000000E+00,0.000000E+00,0.000000E+00,5.998733E-01,8.443098E+03,2.537031E+04
21:10:00,1.272981E+00,4.771287E+04,0.000000E+00,0.000000E+00,0.000000E+00,0.000000E+00,0.000000E+00,5.879100E-01,8.227308E+03,2.481498E+04
21:15:00,1.272981E+00,4.771289E+04,0.000000E+00,0.000000E+00,0.000000E+00,0.000000E+00,0.000000E+00,5.761421E-01,8.016166E+03,2.426991E+04
21:20:00,1.272982E+00,4.771291E+04,0.000000E+00,0.000000E+00,0.000000E+00,0.000000E+00,0.000000E+00,5.645728E-01,7.809670E+03,2.373516E+04
21:25:00,1.272982E+00,4.771293E+04,0.000000E+00,0.000000E+00,0.000000E+00,0.000000E+00,0.000000E+00,5.532034E-01,7.607788E+03,2.321073E+04
21:30:00,1.272983E+00,4.771295E+04,0.000000E+00,0.000000E+00,0.000000E+00,0.000000E+00,0.000000E+00,5.420352E-01,7.410491E+03,2.269664E+04
21:35:00,1.272983E+00,4.771298E+04,0.000000E+00,0.000000E+00,0.000000E+00,0.000000E+00,0.000000E+00,5.310675E-01,7.217719E+03,2.219280E+04
21:40:00,1.272984E+00,4.771300E+04,0.000000E+00,0.000000E+00,0.000000E+00,0.000000E+00,0.000000E+00,5.203007E-01,7.029430E+03,2.169919E+04
21:45:00,1.272984E+00,4.771302E+04,0.000000E+00,0.000000E+00,0.000000E+00,0.000000E+00,0.000000E+00,5.097329E-01,6.845552E+03,2.121567E+04
21:50:00,1.272985E+00,4.771304E+04,0.000000E+00,0.000000E+00,0.000000E+00,0.000000E+00,0.000000E+00,4.993631E-01,6.666020E+03,2.074213E+04
21:55:00,1.272986E+00,4.771306E+04,0.000000E+00,0.000000E+00,0.000000E+00,0.000000E+00,0.000000E+00,4.891891E-01,6.490758E+03,2.027846E+04
22:00:00,1.272986E+00,4.771308E+04,0.000000E+00,0.000000E+00,0.000000E+00,0.000000E+00,0.000000E+00,4.792089E-01,6.319694E+03,1.982453E+04
22:05:00,1.272987E+00,4.771310E+04,0.000000E+00,0.000000E+00,0.000000E+00,0.000000E+00,0.000000E+00,4.345992E-01,5.704134E+03,1.795067E+04
22:10:00,1.272987E+00,4.771312E+04,0.000000E+00,0.000000E+00,0.000000E+00,0.000000E+00,0.000000E+00,3.908944E-01,5.105990E+03,1.611997E+04
22:15:00,1.272988E+00,4.771314E+04,0.000000E+00,0.000000E+00,0.000000E+00,0.000000E+00,0.000000E+00,3.480781E-01,4.524878E+03,1.433155E+04
22:20:00,1.272988E+00,4.771316E+04,0.000000E+00,0.000000E+00,0.000000E+00,0.000000E+00,0.000000E+00,3.061327E-01,3.960403E+03,1.258453E+04
22:25:00,1.272989E+00,4.771318E+04,0.000000E+00,0.000000E+00,0.000000E+00,0.000000E+00,0.000000E+00,2.650425E-01,3.412200E+03,1.087808E+04
22:30:00,1.272989E+00,4.771320E+04,0.000000E+00,0.000000E+00,0.000000E+00,0.000000E+00,0.000000E+00,2.247905E-01,2.879891E+03,9.211352E+03
22:35:00,1.272990E+00,4.771322E+04,0.000000E+00,0.000000E+00,0.000000E+00,0.000000E+00,0.000000E+00,1.853609E-01,2.363116E+03,7.583522E+03
22:40:00,1.272990E+00,4.771324E+04,0.000000E+00,0.000000E+00,0.000000E+00,0.000000E+00,0.000000E+00,1.467376E-01,1.861514E+03,5.993774E+03
22:45:00,1.272991E+00,4.771326E+04,0.000000E+00,0.000000E+00,0.000000E+00,0.000000E+00,0.000000E+00,1.089054E-01,1.374744E+03,4.441337E+03
22:50:00,1.272991E+00,4.771328E+04,0.000000E+00,0.000000E+00,0.000000E+00,0.000000E+00,0.000000E+00,7.184811E-02,9.024528E+02,2.925388E+03
22:55:00,1.272992E+00,4.771330E+04,0.000000E+00,0.000000E+00,0.000000E+00,0.000000E+00,0.000000E+00,3.555148E-02,4.443169E+02,1.445203E+03
23:00:00,1.272992E+00,4.771332E+04,0.000000E+00,0.000000E+00,0.000000E+00,0.000000E+00,0.000000E+00,0.000000E+00,0.000000E+00,0.000000E+00
23:05:00,1.272993E+00,4.771334E+04,0.000000E+00,0.000000E+00,0.000000E+00,0.000000E+00,0.000000E+00,0.000000E+00,0.000000E+00,0.000000E+00
23:10:00,1.272994E+00,4.771336E+04,0.000000E+00,0.000000E+00,0.000000E+00,0.000000E+00,0.000000E+00,0.000000E+00,0.000000E+00,0.000000E+00
23:15:00,1.272994E+00,4.771338E+04,0.000000E+00,0.000000E+00,0.000000E+00,0.000000E+00,0.000000E+00,0.000000E+00,0.000000E+00,0.000000E+00
23:20:00,1.272995E+00,4.771340E+04,0.000000E+00,0.000000E+00,0.000000E+00,0.000000E+00,0.000000E+00,0.000000E+00,0.000000E+00,0.000000E+00
23:25:00,1.272995E+00,4.771341E+04,0.000000E+00,0.000000E+00,0.000000E+00,0.000000E+00,0.000000E+00,0.000000E+00,0.000000E+00,0.000000E+00
23:30:00,1.272996E+00,4.771343E+04,0.000000E+00,0.000000E+00,0.000000E+00,0.000000E+00,0.000000E+00,0.000000E+00,0.000000E+00,0.000000E+00
23:35:00,1.272996E+00,4.771345E+04,0.000000E+00,0.000000E+00,0.000000E+00,0.000000E+00,0.000000E+00,0.000000E+00,0.000000E+00,0.000000E+00
23:40:00,1.272997E+00,4.771347E+04,0.000000E+00,0.000000E+00,0.000000E+00,0.000000E+00,0.000000E+00,0.000000E+00,0.000000E+00,0.000000E+00
23:45:00,1.272997E+00,4.771349E+04,0.000000E+00,0.000000E+00,0.000000E+00,0.000000E+00,0.000000E+00,0.000000E+00,0.000000E+00,0.000000E+00
23:50:00,1.272998E+00,4.771351E+04,0.000000E+00,0.000000E+00,0.000000E+00,0.000000E+00,0.000000E+00,0.000000E+00,0.000000E+00,0.000000E+00
23:55:00,1.272998E+00,4.771353E+04,0.000000E+00,0.000000E+00,0.000000E+00,0.000000E+00,0.000000E+00,0.000000E+00,0.000000E+00,0.000000E+00
24:00:00,1.272999E+00,4.771355E+04,0.000000E+00,0.000000E+00,0.000000E+00,0.000000E+00,0.000000E+00,0.000000E+00,0.000000E+00,0.000000E+00
Coinc Peak   ,1.272999E+00,1.116580E+00,4.771355E+04,2.152829E+04
NonCoinc Peak,1.272999E+00,1.116580E+00,4.771355E+04,2.152829E+04
